captured_at,src_ip,dst_ip,src_port,dst_port,protocol,packet_size,tcp_flags,payload_hash
2026-04-20T08:00:06.088602Z,10.2.153.239,8.8.8.8,55608,53,UDP,86,,dns_q_22
2026-04-20T08:00:06.137418Z,8.8.8.8,10.2.153.239,53,55608,UDP,420,,dns_r_22
2026-04-20T08:01:40.000000Z,10.7.247.120,10.8.223.212,57946,22,TCP,60,SYN,ssh_syn
2026-04-20T08:01:40.020000Z,10.8.223.212,10.7.247.120,22,57946,TCP,60,"SYN,ACK",ssh_synack
2026-04-20T08:01:40.030000Z,10.7.247.120,10.8.223.212,57946,22,TCP,566,ACK,ssh_data_0
2026-04-20T08:01:41.179972Z,10.8.223.212,10.7.247.120,22,57946,TCP,563,ACK,ssh_data_1
2026-04-20T08:01:45.953844Z,10.8.223.212,10.7.247.120,22,57946,TCP,752,"ACK,PSH",ssh_data_2
2026-04-20T08:01:52.835990Z,10.7.247.120,10.8.223.212,57946,22,TCP,498,"ACK,PSH",ssh_data_3
2026-04-20T08:01:55.273633Z,10.7.247.120,10.8.223.212,57946,22,TCP,629,ACK,ssh_data_4
2026-04-20T08:01:59.139489Z,10.1.16.207,203.0.161.103,57925,443,TCP,60,SYN,syn_1
2026-04-20T08:01:59.186015Z,203.0.161.103,10.1.16.207,443,57925,TCP,60,"SYN,ACK",synack_1
2026-04-20T08:01:59.207358Z,10.1.16.207,203.0.161.103,57925,443,TCP,1222,ACK,data_1_0
2026-04-20T08:01:59.408196Z,203.0.161.103,10.1.16.207,443,57925,TCP,1139,ACK,data_1_1
2026-04-20T08:01:59.483918Z,10.1.16.207,203.0.161.103,57925,443,TCP,1349,ACK,data_1_2
2026-04-20T08:01:59.648338Z,10.7.247.120,10.8.223.212,57946,22,TCP,558,ACK,ssh_data_5
2026-04-20T08:01:59.755711Z,203.0.161.103,10.1.16.207,443,57925,TCP,1077,ACK,data_1_3
2026-04-20T08:02:00.205134Z,10.1.16.207,203.0.161.103,57925,443,TCP,649,ACK,data_1_4
2026-04-20T08:02:00.703810Z,10.1.16.207,203.0.161.103,57925,443,TCP,1210,ACK,data_1_5
2026-04-20T08:02:00.753810Z,10.1.16.207,203.0.161.103,57925,443,TCP,424,ACK,data_1_6
2026-04-20T08:02:00.834467Z,10.1.16.207,203.0.161.103,57925,443,TCP,1064,ACK,data_1_7
2026-04-20T08:02:01.134689Z,10.1.16.207,203.0.161.103,57925,443,TCP,1420,ACK,data_1_8
2026-04-20T08:02:01.632769Z,10.1.16.207,203.0.161.103,57925,443,TCP,1333,ACK,data_1_9
2026-04-20T08:02:02.063855Z,10.1.16.207,203.0.161.103,57925,443,TCP,434,ACK,data_1_10
2026-04-20T08:02:02.406302Z,10.1.16.207,203.0.161.103,57925,443,TCP,746,ACK,data_1_11
2026-04-20T08:02:02.791758Z,10.1.16.207,203.0.161.103,57925,443,TCP,801,ACK,data_1_12
2026-04-20T08:02:03.011967Z,10.1.16.207,203.0.161.103,57925,443,TCP,739,ACK,data_1_13
2026-04-20T08:02:03.498052Z,203.0.161.103,10.1.16.207,443,57925,TCP,1239,ACK,data_1_14
2026-04-20T08:02:03.812672Z,10.8.223.212,10.7.247.120,22,57946,TCP,1039,ACK,ssh_data_6
2026-04-20T08:02:03.954802Z,203.0.161.103,10.1.16.207,443,57925,TCP,811,ACK,data_1_15
2026-04-20T08:02:04.376429Z,10.1.16.207,203.0.161.103,57925,443,TCP,607,ACK,data_1_16
2026-04-20T08:02:04.457084Z,10.1.16.207,203.0.161.103,57925,443,TCP,40,"FIN,ACK",fin_1
2026-04-20T08:02:07.993832Z,10.8.223.212,10.7.247.120,22,57946,TCP,254,"ACK,PSH",ssh_data_7
2026-04-20T08:02:11.526840Z,10.7.247.120,10.8.223.212,57946,22,TCP,819,ACK,ssh_data_8
2026-04-20T08:02:16.008755Z,10.7.247.120,10.8.223.212,57946,22,TCP,1191,"ACK,PSH",ssh_data_9
2026-04-20T08:02:21.780167Z,10.7.247.120,10.8.223.212,57946,22,TCP,578,"ACK,PSH",ssh_data_10
2026-04-20T08:02:27.689799Z,10.7.247.120,10.8.223.212,57946,22,TCP,1161,ACK,ssh_data_11
2026-04-20T08:02:33.366026Z,10.7.247.120,10.8.223.212,57946,22,TCP,1055,"ACK,PSH",ssh_data_12
2026-04-20T08:02:38.287928Z,10.8.223.212,10.7.247.120,22,57946,TCP,643,ACK,ssh_data_13
2026-04-20T08:02:45.032640Z,10.7.247.120,10.8.223.212,57946,22,TCP,803,"ACK,PSH",ssh_data_14
2026-04-20T08:02:45.638753Z,10.8.223.212,10.7.247.120,22,57946,TCP,625,"ACK,PSH",ssh_data_15
2026-04-20T08:02:46.547698Z,10.7.247.120,10.8.223.212,57946,22,TCP,322,ACK,ssh_data_16
2026-04-20T08:02:52.693640Z,10.7.247.120,10.8.223.212,57946,22,TCP,89,ACK,ssh_data_17
2026-04-20T08:02:56.714117Z,10.7.247.120,10.8.223.212,57946,22,TCP,441,ACK,ssh_data_18
2026-04-20T08:02:59.107705Z,10.8.223.212,10.7.247.120,22,57946,TCP,297,ACK,ssh_data_19
2026-04-20T08:03:02.613010Z,10.7.247.120,10.8.223.212,57946,22,TCP,173,"ACK,PSH",ssh_data_20
2026-04-20T08:03:09.196576Z,10.8.223.212,10.7.247.120,22,57946,TCP,238,ACK,ssh_data_21
2026-04-20T08:03:10.584963Z,10.8.223.212,10.7.247.120,22,57946,TCP,526,ACK,ssh_data_22
2026-04-20T08:03:13.937798Z,10.8.223.212,10.7.247.120,22,57946,TCP,672,ACK,ssh_data_23
2026-04-20T08:03:21.863032Z,10.7.247.120,10.8.223.212,57946,22,TCP,187,ACK,ssh_data_24
2026-04-20T08:03:27.913702Z,10.8.223.212,10.7.247.120,22,57946,TCP,489,ACK,ssh_data_25
2026-04-20T08:03:30.398548Z,10.7.247.120,10.8.223.212,57946,22,TCP,555,"ACK,PSH",ssh_data_26
2026-04-20T08:03:31.461535Z,10.7.247.120,10.8.223.212,57946,22,TCP,986,ACK,ssh_data_27
2026-04-20T08:03:35.485878Z,10.7.247.120,10.8.223.212,57946,22,TCP,654,ACK,ssh_data_28
2026-04-20T08:03:41.258285Z,10.7.247.120,10.8.223.212,57946,22,TCP,542,ACK,ssh_data_29
2026-04-20T08:03:47.666995Z,10.8.223.212,10.7.247.120,22,57946,TCP,469,ACK,ssh_data_30
2026-04-20T08:03:52.251213Z,10.8.223.212,10.7.247.120,22,57946,TCP,608,ACK,ssh_data_31
2026-04-20T08:03:53.286787Z,10.7.247.120,10.8.223.212,57946,22,TCP,693,ACK,ssh_data_32
2026-04-20T08:03:59.968589Z,10.8.223.212,10.7.247.120,22,57946,TCP,963,"ACK,PSH",ssh_data_33
2026-04-20T08:04:05.633674Z,10.8.223.212,10.7.247.120,22,57946,TCP,621,ACK,ssh_data_34
2026-04-20T08:04:09.837138Z,10.7.247.120,10.8.223.212,57946,22,TCP,145,ACK,ssh_data_35
2026-04-20T08:04:11.168271Z,10.1.57.7,203.0.140.63,56466,443,TCP,60,SYN,syn_0
2026-04-20T08:04:11.182371Z,203.0.140.63,10.1.57.7,443,56466,TCP,60,"SYN,ACK",synack_0
2026-04-20T08:04:11.207185Z,10.1.57.7,203.0.140.63,56466,443,TCP,1064,ACK,data_0_0
2026-04-20T08:04:11.227917Z,10.1.57.7,203.0.140.63,56466,443,TCP,676,ACK,data_0_1
2026-04-20T08:04:11.483068Z,10.1.57.7,203.0.140.63,56466,443,TCP,607,ACK,data_0_2
2026-04-20T08:04:11.842498Z,203.0.140.63,10.1.57.7,443,56466,TCP,1059,ACK,data_0_3
2026-04-20T08:04:11.956616Z,10.1.57.7,203.0.140.63,56466,443,TCP,213,ACK,data_0_4
2026-04-20T08:04:12.337225Z,10.1.57.7,203.0.140.63,56466,443,TCP,1065,ACK,data_0_5
2026-04-20T08:04:12.510649Z,10.1.57.7,203.0.140.63,56466,443,TCP,889,ACK,data_0_6
2026-04-20T08:04:12.566243Z,10.1.57.7,203.0.140.63,56466,443,TCP,935,ACK,data_0_7
2026-04-20T08:04:12.990753Z,203.0.140.63,10.1.57.7,443,56466,TCP,288,ACK,data_0_8
2026-04-20T08:04:13.356970Z,10.1.57.7,203.0.140.63,56466,443,TCP,975,ACK,data_0_9
2026-04-20T08:04:13.400976Z,10.1.57.7,203.0.140.63,56466,443,TCP,940,ACK,data_0_10
2026-04-20T08:04:13.691766Z,203.0.140.63,10.1.57.7,443,56466,TCP,293,ACK,data_0_11
2026-04-20T08:04:14.024091Z,203.0.140.63,10.1.57.7,443,56466,TCP,363,ACK,data_0_12
2026-04-20T08:04:14.452473Z,203.0.140.63,10.1.57.7,443,56466,TCP,978,ACK,data_0_13
2026-04-20T08:04:14.595070Z,203.0.140.63,10.1.57.7,443,56466,TCP,947,ACK,data_0_14
2026-04-20T08:04:14.680584Z,10.1.57.7,203.0.140.63,56466,443,TCP,746,ACK,data_0_15
2026-04-20T08:04:15.032985Z,203.0.140.63,10.1.57.7,443,56466,TCP,346,ACK,data_0_16
2026-04-20T08:04:15.339505Z,10.1.57.7,203.0.140.63,56466,443,TCP,701,ACK,data_0_17
2026-04-20T08:04:15.425389Z,10.1.57.7,203.0.140.63,56466,443,TCP,1340,ACK,data_0_18
2026-04-20T08:04:15.539099Z,10.1.57.7,203.0.140.63,56466,443,TCP,314,ACK,data_0_19
2026-04-20T08:04:15.657477Z,10.1.57.7,203.0.140.63,56466,443,TCP,40,"FIN,ACK",fin_0
2026-04-20T08:04:15.846142Z,10.8.223.212,10.7.247.120,22,57946,TCP,116,"ACK,PSH",ssh_data_36
2026-04-20T08:04:23.560476Z,10.8.223.212,10.7.247.120,22,57946,TCP,106,ACK,ssh_data_37
2026-04-20T08:04:29.102588Z,10.7.247.120,10.8.223.212,57946,22,TCP,146,ACK,ssh_data_38
2026-04-20T08:04:30.916518Z,10.8.223.212,10.7.247.120,22,57946,TCP,969,ACK,ssh_data_39
2026-04-20T08:04:32.777687Z,10.8.223.212,10.7.247.120,22,57946,TCP,1071,ACK,ssh_data_40
2026-04-20T08:04:36.802765Z,10.7.247.120,10.8.223.212,57946,22,TCP,721,ACK,ssh_data_41
2026-04-20T08:04:43.735763Z,10.7.247.120,10.8.223.212,57946,22,TCP,1078,"ACK,PSH",ssh_data_42
2026-04-20T08:04:51.324714Z,10.8.223.212,10.7.247.120,22,57946,TCP,1190,"ACK,PSH",ssh_data_43
2026-04-20T08:04:52.485163Z,10.7.247.120,10.8.223.212,57946,22,TCP,301,ACK,ssh_data_44
2026-04-20T08:04:56.016476Z,10.8.223.212,10.7.247.120,22,57946,TCP,66,ACK,ssh_data_45
2026-04-20T08:05:00.585928Z,10.7.247.120,10.8.223.212,57946,22,TCP,448,ACK,ssh_data_46
2026-04-20T08:05:05.755682Z,10.7.247.120,10.8.223.212,57946,22,TCP,969,ACK,ssh_data_47
2026-04-20T08:05:07.782369Z,10.8.223.212,10.7.247.120,22,57946,TCP,653,ACK,ssh_data_48
2026-04-20T08:05:13.519244Z,10.7.247.120,10.8.223.212,57946,22,TCP,554,ACK,ssh_data_49
2026-04-20T08:05:16.349870Z,10.7.247.120,10.8.223.212,57946,22,TCP,899,"ACK,PSH",ssh_data_50
2026-04-20T08:05:24.291798Z,10.8.223.212,10.7.247.120,22,57946,TCP,1009,ACK,ssh_data_51
2026-04-20T08:05:29.649621Z,10.7.247.120,10.8.223.212,57946,22,TCP,661,ACK,ssh_data_52
2026-04-20T08:05:32.200308Z,10.8.223.212,10.7.247.120,22,57946,TCP,1031,"ACK,PSH",ssh_data_53
2026-04-20T08:05:36.834796Z,10.7.247.120,10.8.223.212,57946,22,TCP,1104,ACK,ssh_data_54
2026-04-20T08:05:38.358608Z,10.7.247.120,10.8.223.212,57946,22,TCP,913,"ACK,PSH",ssh_data_55
2026-04-20T08:05:44.766489Z,10.7.247.120,10.8.223.212,57946,22,TCP,69,"ACK,PSH",ssh_data_56
2026-04-20T08:05:47.505658Z,10.8.223.212,10.7.247.120,22,57946,TCP,1066,ACK,ssh_data_57
2026-04-20T08:05:51.354763Z,10.7.247.120,10.8.223.212,57946,22,TCP,744,ACK,ssh_data_58
2026-04-20T08:05:55.930489Z,10.7.247.120,10.8.223.212,57946,22,TCP,723,ACK,ssh_data_59
2026-04-20T08:06:03.786298Z,10.8.223.212,10.7.247.120,22,57946,TCP,40,RST,ssh_rst
2026-04-20T08:06:56.324823Z,10.2.153.239,8.8.8.8,55380,53,UDP,72,,dns_q_21
2026-04-20T08:06:56.338817Z,8.8.8.8,10.2.153.239,53,55380,UDP,303,,dns_r_21
2026-04-20T08:10:37.735620Z,10.1.97.25,203.0.49.169,63276,443,TCP,60,SYN,syn_3
2026-04-20T08:10:37.762064Z,203.0.49.169,10.1.97.25,443,63276,TCP,60,"SYN,ACK",synack_3
2026-04-20T08:10:37.789341Z,203.0.49.169,10.1.97.25,443,63276,TCP,401,ACK,data_3_0
2026-04-20T08:10:37.824344Z,203.0.49.169,10.1.97.25,443,63276,TCP,423,ACK,data_3_1
2026-04-20T08:10:37.952429Z,10.1.97.25,203.0.49.169,63276,443,TCP,1118,ACK,data_3_2
2026-04-20T08:10:38.026819Z,10.1.97.25,203.0.49.169,63276,443,TCP,1147,ACK,data_3_3
2026-04-20T08:10:38.155473Z,203.0.49.169,10.1.97.25,443,63276,TCP,1107,ACK,data_3_4
2026-04-20T08:10:38.560444Z,203.0.49.169,10.1.97.25,443,63276,TCP,400,ACK,data_3_5
2026-04-20T08:10:38.590486Z,203.0.49.169,10.1.97.25,443,63276,TCP,230,ACK,data_3_6
2026-04-20T08:10:39.075139Z,203.0.49.169,10.1.97.25,443,63276,TCP,684,ACK,data_3_7
2026-04-20T08:10:39.162463Z,10.1.97.25,203.0.49.169,63276,443,TCP,637,ACK,data_3_8
2026-04-20T08:10:39.595465Z,203.0.49.169,10.1.97.25,443,63276,TCP,537,ACK,data_3_9
2026-04-20T08:10:39.788056Z,203.0.49.169,10.1.97.25,443,63276,TCP,743,ACK,data_3_10
2026-04-20T08:10:40.251683Z,203.0.49.169,10.1.97.25,443,63276,TCP,784,ACK,data_3_11
2026-04-20T08:10:40.466071Z,10.1.97.25,203.0.49.169,63276,443,TCP,40,"FIN,ACK",fin_3
2026-04-20T08:10:42.844138Z,10.2.153.239,8.8.8.8,57850,53,UDP,44,,dns_q_19
2026-04-20T08:10:42.863894Z,8.8.8.8,10.2.153.239,53,57850,UDP,302,,dns_r_19
2026-04-20T08:11:33.125839Z,192.168.171.24,10.3.120.173,53521,826,TCP,44,SYN,scan_0
2026-04-20T08:11:33.145839Z,192.168.171.24,10.3.120.173,64377,204,TCP,44,SYN,scan_1
2026-04-20T08:11:33.165839Z,192.168.171.24,10.3.120.173,59549,151,TCP,44,SYN,scan_2
2026-04-20T08:11:33.185839Z,192.168.171.24,10.3.120.173,63654,26,TCP,44,SYN,scan_3
2026-04-20T08:11:33.205839Z,192.168.171.24,10.3.120.173,63135,48,TCP,44,SYN,scan_4
2026-04-20T08:11:33.225839Z,192.168.171.24,10.3.120.173,63763,251,TCP,44,SYN,scan_5
2026-04-20T08:11:33.245839Z,192.168.171.24,10.3.120.173,54367,1008,TCP,44,SYN,scan_6
2026-04-20T08:11:33.265839Z,192.168.171.24,10.3.120.173,64706,487,TCP,44,SYN,scan_7
2026-04-20T08:11:33.285839Z,192.168.171.24,10.3.120.173,63899,626,TCP,44,SYN,scan_8
2026-04-20T08:11:33.305839Z,192.168.171.24,10.3.120.173,57645,871,TCP,44,SYN,scan_9
2026-04-20T08:11:33.325839Z,192.168.171.24,10.3.120.173,57253,787,TCP,44,SYN,scan_10
2026-04-20T08:11:33.345839Z,192.168.171.24,10.3.120.173,58238,75,TCP,44,SYN,scan_11
2026-04-20T08:11:33.365839Z,192.168.171.24,10.3.120.173,65031,467,TCP,44,SYN,scan_12
2026-04-20T08:11:33.385839Z,192.168.171.24,10.3.120.173,56991,425,TCP,44,SYN,scan_13
2026-04-20T08:11:33.405839Z,192.168.171.24,10.3.120.173,58150,908,TCP,44,SYN,scan_14
2026-04-20T08:11:33.425839Z,192.168.171.24,10.3.120.173,63565,645,TCP,44,SYN,scan_15
2026-04-20T08:11:33.445839Z,192.168.171.24,10.3.120.173,51690,590,TCP,44,SYN,scan_16
2026-04-20T08:11:33.465839Z,192.168.171.24,10.3.120.173,58514,200,TCP,44,SYN,scan_17
2026-04-20T08:11:33.485839Z,192.168.171.24,10.3.120.173,56835,736,TCP,44,SYN,scan_18
2026-04-20T08:11:33.505839Z,192.168.171.24,10.3.120.173,58055,714,TCP,44,SYN,scan_19
2026-04-20T08:11:33.525839Z,192.168.171.24,10.3.120.173,60157,394,TCP,44,SYN,scan_20
2026-04-20T08:11:33.545839Z,192.168.171.24,10.3.120.173,59628,507,TCP,44,SYN,scan_21
2026-04-20T08:11:33.565839Z,192.168.171.24,10.3.120.173,51792,410,TCP,44,SYN,scan_22
2026-04-20T08:11:33.585839Z,192.168.171.24,10.3.120.173,53686,250,TCP,44,SYN,scan_23
2026-04-20T08:11:33.605839Z,192.168.171.24,10.3.120.173,54094,152,TCP,44,SYN,scan_24
2026-04-20T08:11:33.625839Z,192.168.171.24,10.3.120.173,56729,672,TCP,44,SYN,scan_25
2026-04-20T08:11:33.645839Z,192.168.171.24,10.3.120.173,61703,705,TCP,44,SYN,scan_26
2026-04-20T08:11:33.665839Z,192.168.171.24,10.3.120.173,54159,6,TCP,44,SYN,scan_27
2026-04-20T08:11:33.685839Z,192.168.171.24,10.3.120.173,56162,915,TCP,44,SYN,scan_28
2026-04-20T08:11:33.705839Z,192.168.171.24,10.3.120.173,51256,769,TCP,44,SYN,scan_29
2026-04-20T08:11:33.725839Z,192.168.171.24,10.3.120.173,62746,882,TCP,44,SYN,scan_30
2026-04-20T08:11:33.745839Z,192.168.171.24,10.3.120.173,62508,789,TCP,44,SYN,scan_31
2026-04-20T08:11:33.765839Z,192.168.171.24,10.3.120.173,59994,907,TCP,44,SYN,scan_32
2026-04-20T08:11:33.785839Z,192.168.171.24,10.3.120.173,64419,110,TCP,44,SYN,scan_33
2026-04-20T08:11:33.805839Z,192.168.171.24,10.3.120.173,62776,798,TCP,44,SYN,scan_34
2026-04-20T08:11:33.825839Z,192.168.171.24,10.3.120.173,51192,436,TCP,44,SYN,scan_35
2026-04-20T08:11:33.845839Z,192.168.171.24,10.3.120.173,55929,225,TCP,44,SYN,scan_36
2026-04-20T08:11:33.865839Z,192.168.171.24,10.3.120.173,62919,181,TCP,44,SYN,scan_37
2026-04-20T08:11:33.885839Z,192.168.171.24,10.3.120.173,61914,824,TCP,44,SYN,scan_38
2026-04-20T08:11:33.905839Z,192.168.171.24,10.3.120.173,49792,981,TCP,44,SYN,scan_39
2026-04-20T08:11:33.925839Z,192.168.171.24,10.3.120.173,61616,713,TCP,44,SYN,scan_40
2026-04-20T08:11:33.945839Z,192.168.171.24,10.3.120.173,64781,531,TCP,44,SYN,scan_41
2026-04-20T08:11:33.965839Z,192.168.171.24,10.3.120.173,49345,476,TCP,44,SYN,scan_42
2026-04-20T08:11:33.985839Z,192.168.171.24,10.3.120.173,60678,52,TCP,44,SYN,scan_43
2026-04-20T08:11:34.005839Z,192.168.171.24,10.3.120.173,58936,571,TCP,44,SYN,scan_44
2026-04-20T08:11:34.025839Z,192.168.171.24,10.3.120.173,61931,256,TCP,44,SYN,scan_45
2026-04-20T08:11:34.045839Z,192.168.171.24,10.3.120.173,62882,940,TCP,44,SYN,scan_46
2026-04-20T08:11:34.065839Z,192.168.171.24,10.3.120.173,56378,869,TCP,44,SYN,scan_47
2026-04-20T08:11:34.085839Z,192.168.171.24,10.3.120.173,65150,125,TCP,44,SYN,scan_48
2026-04-20T08:11:34.105839Z,192.168.171.24,10.3.120.173,56342,468,TCP,44,SYN,scan_49
2026-04-20T08:11:58.462188Z,10.2.153.239,8.8.8.8,64235,53,UDP,84,,dns_q_15
2026-04-20T08:11:58.499655Z,8.8.8.8,10.2.153.239,53,64235,UDP,487,,dns_r_15
2026-04-20T08:12:49.325044Z,10.2.153.239,8.8.8.8,64657,53,UDP,61,,dns_q_29
2026-04-20T08:12:49.394340Z,8.8.8.8,10.2.153.239,53,64657,UDP,225,,dns_r_29
2026-04-20T08:14:39.490274Z,10.1.82.139,203.0.0.154,59773,443,TCP,60,SYN,syn_2
2026-04-20T08:14:39.504749Z,203.0.0.154,10.1.82.139,443,59773,TCP,60,"SYN,ACK",synack_2
2026-04-20T08:14:39.522009Z,10.1.82.139,203.0.0.154,59773,443,TCP,693,ACK,data_2_0
2026-04-20T08:14:39.961624Z,203.0.0.154,10.1.82.139,443,59773,TCP,375,ACK,data_2_1
2026-04-20T08:14:40.328918Z,203.0.0.154,10.1.82.139,443,59773,TCP,1290,ACK,data_2_2
2026-04-20T08:14:40.713006Z,10.1.82.139,203.0.0.154,59773,443,TCP,1173,ACK,data_2_3
2026-04-20T08:14:41.186696Z,10.1.82.139,203.0.0.154,59773,443,TCP,1280,ACK,data_2_4
2026-04-20T08:14:41.623550Z,10.1.82.139,203.0.0.154,59773,443,TCP,633,ACK,data_2_5
2026-04-20T08:14:42.088362Z,203.0.0.154,10.1.82.139,443,59773,TCP,611,ACK,data_2_6
2026-04-20T08:14:42.446272Z,10.1.82.139,203.0.0.154,59773,443,TCP,964,ACK,data_2_7
2026-04-20T08:14:42.668132Z,10.1.82.139,203.0.0.154,59773,443,TCP,447,ACK,data_2_8
2026-04-20T08:14:42.795845Z,10.1.82.139,203.0.0.154,59773,443,TCP,243,ACK,data_2_9
2026-04-20T08:14:43.092058Z,10.1.82.139,203.0.0.154,59773,443,TCP,651,ACK,data_2_10
2026-04-20T08:14:43.100617Z,203.0.0.154,10.1.82.139,443,59773,TCP,320,ACK,data_2_11
2026-04-20T08:14:43.218943Z,203.0.0.154,10.1.82.139,443,59773,TCP,876,ACK,data_2_12
2026-04-20T08:14:43.259018Z,10.1.82.139,203.0.0.154,59773,443,TCP,1194,ACK,data_2_13
2026-04-20T08:14:43.370065Z,10.1.82.139,203.0.0.154,59773,443,TCP,1369,ACK,data_2_14
2026-04-20T08:14:43.660290Z,10.1.82.139,203.0.0.154,59773,443,TCP,1168,ACK,data_2_15
2026-04-20T08:14:44.065001Z,10.1.82.139,203.0.0.154,59773,443,TCP,40,"FIN,ACK",fin_2
2026-04-20T08:16:36.048806Z,10.2.153.239,8.8.8.8,49268,53,UDP,82,,dns_q_4
2026-04-20T08:16:36.128207Z,8.8.8.8,10.2.153.239,53,49268,UDP,406,,dns_r_4
2026-04-20T08:19:41.743024Z,10.2.153.239,8.8.8.8,51426,53,UDP,75,,dns_q_17
2026-04-20T08:19:41.784627Z,8.8.8.8,10.2.153.239,53,51426,UDP,340,,dns_r_17
2026-04-20T08:20:44.473602Z,10.2.153.239,8.8.8.8,59430,53,UDP,95,,dns_q_20
2026-04-20T08:20:44.538161Z,8.8.8.8,10.2.153.239,53,59430,UDP,341,,dns_r_20
2026-04-20T08:23:58.842184Z,10.2.153.239,8.8.8.8,60003,53,UDP,43,,dns_q_18
2026-04-20T08:23:58.862564Z,8.8.8.8,10.2.153.239,53,60003,UDP,213,,dns_r_18
2026-04-20T08:25:47.232166Z,10.2.153.239,8.8.8.8,50522,53,UDP,79,,dns_q_8
2026-04-20T08:25:47.274985Z,8.8.8.8,10.2.153.239,53,50522,UDP,487,,dns_r_8
2026-04-20T08:29:03.676857Z,10.1.249.40,203.0.97.76,56285,443,TCP,60,SYN,syn_4
2026-04-20T08:29:03.710024Z,203.0.97.76,10.1.249.40,443,56285,TCP,60,"SYN,ACK",synack_4
2026-04-20T08:29:03.730868Z,10.1.249.40,203.0.97.76,56285,443,TCP,1396,ACK,data_4_0
2026-04-20T08:29:03.971878Z,203.0.97.76,10.1.249.40,443,56285,TCP,1287,ACK,data_4_1
2026-04-20T08:29:04.054808Z,203.0.97.76,10.1.249.40,443,56285,TCP,364,ACK,data_4_2
2026-04-20T08:29:04.481222Z,10.1.249.40,203.0.97.76,56285,443,TCP,339,ACK,data_4_3
2026-04-20T08:29:04.820452Z,10.1.249.40,203.0.97.76,56285,443,TCP,445,ACK,data_4_4
2026-04-20T08:29:05.291542Z,10.1.249.40,203.0.97.76,56285,443,TCP,1385,ACK,data_4_5
2026-04-20T08:29:05.590829Z,203.0.97.76,10.1.249.40,443,56285,TCP,1058,ACK,data_4_6
2026-04-20T08:29:05.921229Z,10.1.249.40,203.0.97.76,56285,443,TCP,847,ACK,data_4_7
2026-04-20T08:29:06.388909Z,10.1.249.40,203.0.97.76,56285,443,TCP,843,ACK,data_4_8
2026-04-20T08:29:06.512058Z,10.1.249.40,203.0.97.76,56285,443,TCP,814,ACK,data_4_9
2026-04-20T08:29:06.743384Z,203.0.97.76,10.1.249.40,443,56285,TCP,348,ACK,data_4_10
2026-04-20T08:29:06.752996Z,203.0.97.76,10.1.249.40,443,56285,TCP,1353,ACK,data_4_11
2026-04-20T08:29:07.251063Z,10.1.249.40,203.0.97.76,56285,443,TCP,636,ACK,data_4_12
2026-04-20T08:29:07.506476Z,10.1.249.40,203.0.97.76,56285,443,TCP,914,ACK,data_4_13
2026-04-20T08:29:07.947504Z,203.0.97.76,10.1.249.40,443,56285,TCP,956,ACK,data_4_14
2026-04-20T08:29:08.093573Z,10.1.249.40,203.0.97.76,56285,443,TCP,1312,ACK,data_4_15
2026-04-20T08:29:08.446825Z,203.0.97.76,10.1.249.40,443,56285,TCP,1283,ACK,data_4_16
2026-04-20T08:29:08.455697Z,10.1.249.40,203.0.97.76,56285,443,TCP,40,"FIN,ACK",fin_4
2026-04-20T08:30:00.000000Z,172.16.139.112,10.4.248.8,26508,80,TCP,1500,SYN,dos_0
2026-04-20T08:30:00.001000Z,172.16.139.112,10.4.248.8,23052,80,TCP,1500,SYN,dos_1
2026-04-20T08:30:00.002000Z,172.16.139.112,10.4.248.8,44859,80,TCP,1500,SYN,dos_2
2026-04-20T08:30:00.003000Z,172.16.139.112,10.4.248.8,45532,80,TCP,1500,SYN,dos_3
2026-04-20T08:30:00.004000Z,172.16.139.112,10.4.248.8,53331,80,TCP,1500,SYN,dos_4
2026-04-20T08:30:00.005000Z,172.16.139.112,10.4.248.8,27521,80,TCP,1500,SYN,dos_5
2026-04-20T08:30:00.006000Z,172.16.139.112,10.4.248.8,48483,80,TCP,1500,SYN,dos_6
2026-04-20T08:30:00.007000Z,172.16.139.112,10.4.248.8,11840,80,TCP,1500,SYN,dos_7
2026-04-20T08:30:00.008000Z,172.16.139.112,10.4.248.8,56107,80,TCP,1500,SYN,dos_8
2026-04-20T08:30:00.009000Z,172.16.139.112,10.4.248.8,31654,80,TCP,1500,SYN,dos_9
2026-04-20T08:30:00.010000Z,172.16.139.112,10.4.248.8,61287,80,TCP,1500,SYN,dos_10
2026-04-20T08:30:00.011000Z,172.16.139.112,10.4.248.8,9388,80,TCP,1500,SYN,dos_11
2026-04-20T08:30:00.012000Z,172.16.139.112,10.4.248.8,65296,80,TCP,1500,SYN,dos_12
2026-04-20T08:30:00.013000Z,172.16.139.112,10.4.248.8,41804,80,TCP,1500,SYN,dos_13
2026-04-20T08:30:00.014000Z,172.16.139.112,10.4.248.8,36028,80,TCP,1500,SYN,dos_14
2026-04-20T08:30:00.015000Z,172.16.139.112,10.4.248.8,2791,80,TCP,1500,SYN,dos_15
2026-04-20T08:30:00.016000Z,172.16.139.112,10.4.248.8,60460,80,TCP,1500,SYN,dos_16
2026-04-20T08:30:00.017000Z,172.16.139.112,10.4.248.8,26846,80,TCP,1500,SYN,dos_17
2026-04-20T08:30:00.018000Z,172.16.139.112,10.4.248.8,39814,80,TCP,1500,SYN,dos_18
2026-04-20T08:30:00.019000Z,172.16.139.112,10.4.248.8,38011,80,TCP,1500,SYN,dos_19
2026-04-20T08:30:00.020000Z,172.16.139.112,10.4.248.8,44474,80,TCP,1500,SYN,dos_20
2026-04-20T08:30:00.021000Z,172.16.139.112,10.4.248.8,2800,80,TCP,1500,SYN,dos_21
2026-04-20T08:30:00.022000Z,172.16.139.112,10.4.248.8,6525,80,TCP,1500,SYN,dos_22
2026-04-20T08:30:00.023000Z,172.16.139.112,10.4.248.8,43147,80,TCP,1500,SYN,dos_23
2026-04-20T08:30:00.024000Z,172.16.139.112,10.4.248.8,29113,80,TCP,1500,SYN,dos_24
2026-04-20T08:30:00.025000Z,172.16.139.112,10.4.248.8,9917,80,TCP,1500,SYN,dos_25
2026-04-20T08:30:00.026000Z,172.16.139.112,10.4.248.8,57833,80,TCP,1500,SYN,dos_26
2026-04-20T08:30:00.027000Z,172.16.139.112,10.4.248.8,31281,80,TCP,1500,SYN,dos_27
2026-04-20T08:30:00.028000Z,172.16.139.112,10.4.248.8,12933,80,TCP,1500,SYN,dos_28
2026-04-20T08:30:00.029000Z,172.16.139.112,10.4.248.8,4319,80,TCP,1500,SYN,dos_29
2026-04-20T08:30:00.030000Z,172.16.139.112,10.4.248.8,18073,80,TCP,1500,SYN,dos_30
2026-04-20T08:30:00.031000Z,172.16.139.112,10.4.248.8,25868,80,TCP,1500,SYN,dos_31
2026-04-20T08:30:00.032000Z,172.16.139.112,10.4.248.8,22477,80,TCP,1500,SYN,dos_32
2026-04-20T08:30:00.033000Z,172.16.139.112,10.4.248.8,14895,80,TCP,1500,SYN,dos_33
2026-04-20T08:30:00.034000Z,172.16.139.112,10.4.248.8,30823,80,TCP,1500,SYN,dos_34
2026-04-20T08:30:00.035000Z,172.16.139.112,10.4.248.8,22444,80,TCP,1500,SYN,dos_35
2026-04-20T08:30:00.036000Z,172.16.139.112,10.4.248.8,23142,80,TCP,1500,SYN,dos_36
2026-04-20T08:30:00.037000Z,172.16.139.112,10.4.248.8,50911,80,TCP,1500,SYN,dos_37
2026-04-20T08:30:00.038000Z,172.16.139.112,10.4.248.8,58672,80,TCP,1500,SYN,dos_38
2026-04-20T08:30:00.039000Z,172.16.139.112,10.4.248.8,25870,80,TCP,1500,SYN,dos_39
2026-04-20T08:30:00.040000Z,172.16.139.112,10.4.248.8,19259,80,TCP,1500,SYN,dos_40
2026-04-20T08:30:00.041000Z,172.16.139.112,10.4.248.8,50307,80,TCP,1500,SYN,dos_41
2026-04-20T08:30:00.042000Z,172.16.139.112,10.4.248.8,63362,80,TCP,1500,SYN,dos_42
2026-04-20T08:30:00.043000Z,172.16.139.112,10.4.248.8,55544,80,TCP,1500,SYN,dos_43
2026-04-20T08:30:00.044000Z,172.16.139.112,10.4.248.8,28651,80,TCP,1500,SYN,dos_44
2026-04-20T08:30:00.045000Z,172.16.139.112,10.4.248.8,17556,80,TCP,1500,SYN,dos_45
2026-04-20T08:30:00.046000Z,172.16.139.112,10.4.248.8,55740,80,TCP,1500,SYN,dos_46
2026-04-20T08:30:00.047000Z,172.16.139.112,10.4.248.8,6391,80,TCP,1500,SYN,dos_47
2026-04-20T08:30:00.048000Z,172.16.139.112,10.4.248.8,31846,80,TCP,1500,SYN,dos_48
2026-04-20T08:30:00.049000Z,172.16.139.112,10.4.248.8,2294,80,TCP,1500,SYN,dos_49
2026-04-20T08:30:00.050000Z,172.16.139.112,10.4.248.8,50112,80,TCP,1500,SYN,dos_50
2026-04-20T08:30:00.051000Z,172.16.139.112,10.4.248.8,36375,80,TCP,1500,SYN,dos_51
2026-04-20T08:30:00.052000Z,172.16.139.112,10.4.248.8,4437,80,TCP,1500,SYN,dos_52
2026-04-20T08:30:00.053000Z,172.16.139.112,10.4.248.8,63409,80,TCP,1500,SYN,dos_53
2026-04-20T08:30:00.054000Z,172.16.139.112,10.4.248.8,23959,80,TCP,1500,SYN,dos_54
2026-04-20T08:30:00.055000Z,172.16.139.112,10.4.248.8,15718,80,TCP,1500,SYN,dos_55
2026-04-20T08:30:00.056000Z,172.16.139.112,10.4.248.8,43631,80,TCP,1500,SYN,dos_56
2026-04-20T08:30:00.057000Z,172.16.139.112,10.4.248.8,5520,80,TCP,1500,SYN,dos_57
2026-04-20T08:30:00.058000Z,172.16.139.112,10.4.248.8,52222,80,TCP,1500,SYN,dos_58
2026-04-20T08:30:00.059000Z,172.16.139.112,10.4.248.8,63760,80,TCP,1500,SYN,dos_59
2026-04-20T08:30:00.060000Z,172.16.139.112,10.4.248.8,43737,80,TCP,1500,SYN,dos_60
2026-04-20T08:30:00.061000Z,172.16.139.112,10.4.248.8,3662,80,TCP,1500,SYN,dos_61
2026-04-20T08:30:00.062000Z,172.16.139.112,10.4.248.8,50453,80,TCP,1500,SYN,dos_62
2026-04-20T08:30:00.063000Z,172.16.139.112,10.4.248.8,3057,80,TCP,1500,SYN,dos_63
2026-04-20T08:30:00.064000Z,172.16.139.112,10.4.248.8,63257,80,TCP,1500,SYN,dos_64
2026-04-20T08:30:00.065000Z,172.16.139.112,10.4.248.8,17229,80,TCP,1500,SYN,dos_65
2026-04-20T08:30:00.066000Z,172.16.139.112,10.4.248.8,14089,80,TCP,1500,SYN,dos_66
2026-04-20T08:30:00.067000Z,172.16.139.112,10.4.248.8,56023,80,TCP,1500,SYN,dos_67
2026-04-20T08:30:00.068000Z,172.16.139.112,10.4.248.8,2359,80,TCP,1500,SYN,dos_68
2026-04-20T08:30:00.069000Z,172.16.139.112,10.4.248.8,41743,80,TCP,1500,SYN,dos_69
2026-04-20T08:30:00.070000Z,172.16.139.112,10.4.248.8,11010,80,TCP,1500,SYN,dos_70
2026-04-20T08:30:00.071000Z,172.16.139.112,10.4.248.8,16657,80,TCP,1500,SYN,dos_71
2026-04-20T08:30:00.072000Z,172.16.139.112,10.4.248.8,9296,80,TCP,1500,SYN,dos_72
2026-04-20T08:30:00.073000Z,172.16.139.112,10.4.248.8,32059,80,TCP,1500,SYN,dos_73
2026-04-20T08:30:00.074000Z,172.16.139.112,10.4.248.8,44897,80,TCP,1500,SYN,dos_74
2026-04-20T08:30:00.075000Z,172.16.139.112,10.4.248.8,8520,80,TCP,1500,SYN,dos_75
2026-04-20T08:30:00.076000Z,172.16.139.112,10.4.248.8,37984,80,TCP,1500,SYN,dos_76
2026-04-20T08:30:00.077000Z,172.16.139.112,10.4.248.8,63136,80,TCP,1500,SYN,dos_77
2026-04-20T08:30:00.078000Z,172.16.139.112,10.4.248.8,15308,80,TCP,1500,SYN,dos_78
2026-04-20T08:30:00.079000Z,172.16.139.112,10.4.248.8,31500,80,TCP,1500,SYN,dos_79
2026-04-20T08:30:00.080000Z,172.16.139.112,10.4.248.8,46864,80,TCP,1500,SYN,dos_80
2026-04-20T08:30:00.081000Z,172.16.139.112,10.4.248.8,17817,80,TCP,1500,SYN,dos_81
2026-04-20T08:30:00.082000Z,172.16.139.112,10.4.248.8,51283,80,TCP,1500,SYN,dos_82
2026-04-20T08:30:00.083000Z,172.16.139.112,10.4.248.8,25199,80,TCP,1500,SYN,dos_83
2026-04-20T08:30:00.084000Z,172.16.139.112,10.4.248.8,12020,80,TCP,1500,SYN,dos_84
2026-04-20T08:30:00.085000Z,172.16.139.112,10.4.248.8,40731,80,TCP,1500,SYN,dos_85
2026-04-20T08:30:00.086000Z,172.16.139.112,10.4.248.8,40820,80,TCP,1500,SYN,dos_86
2026-04-20T08:30:00.087000Z,172.16.139.112,10.4.248.8,64183,80,TCP,1500,SYN,dos_87
2026-04-20T08:30:00.088000Z,172.16.139.112,10.4.248.8,50040,80,TCP,1500,SYN,dos_88
2026-04-20T08:30:00.089000Z,172.16.139.112,10.4.248.8,48102,80,TCP,1500,SYN,dos_89
2026-04-20T08:30:00.090000Z,172.16.139.112,10.4.248.8,8530,80,TCP,1500,SYN,dos_90
2026-04-20T08:30:00.091000Z,172.16.139.112,10.4.248.8,51997,80,TCP,1500,SYN,dos_91
2026-04-20T08:30:00.092000Z,172.16.139.112,10.4.248.8,54717,80,TCP,1500,SYN,dos_92
2026-04-20T08:30:00.093000Z,172.16.139.112,10.4.248.8,11756,80,TCP,1500,SYN,dos_93
2026-04-20T08:30:00.094000Z,172.16.139.112,10.4.248.8,64247,80,TCP,1500,SYN,dos_94
2026-04-20T08:30:00.095000Z,172.16.139.112,10.4.248.8,21408,80,TCP,1500,SYN,dos_95
2026-04-20T08:30:00.096000Z,172.16.139.112,10.4.248.8,8108,80,TCP,1500,SYN,dos_96
2026-04-20T08:30:00.097000Z,172.16.139.112,10.4.248.8,38948,80,TCP,1500,SYN,dos_97
2026-04-20T08:30:00.098000Z,172.16.139.112,10.4.248.8,2706,80,TCP,1500,SYN,dos_98
2026-04-20T08:30:00.099000Z,172.16.139.112,10.4.248.8,61899,80,TCP,1500,SYN,dos_99
2026-04-20T08:30:00.100000Z,172.16.139.112,10.4.248.8,21468,80,TCP,1500,SYN,dos_100
2026-04-20T08:30:00.101000Z,172.16.139.112,10.4.248.8,38759,80,TCP,1500,SYN,dos_101
2026-04-20T08:30:00.102000Z,172.16.139.112,10.4.248.8,45414,80,TCP,1500,SYN,dos_102
2026-04-20T08:30:00.103000Z,172.16.139.112,10.4.248.8,60532,80,TCP,1500,SYN,dos_103
2026-04-20T08:30:00.104000Z,172.16.139.112,10.4.248.8,63818,80,TCP,1500,SYN,dos_104
2026-04-20T08:30:00.105000Z,172.16.139.112,10.4.248.8,25620,80,TCP,1500,SYN,dos_105
2026-04-20T08:30:00.106000Z,172.16.139.112,10.4.248.8,27019,80,TCP,1500,SYN,dos_106
2026-04-20T08:30:00.107000Z,172.16.139.112,10.4.248.8,62724,80,TCP,1500,SYN,dos_107
2026-04-20T08:30:00.108000Z,172.16.139.112,10.4.248.8,47883,80,TCP,1500,SYN,dos_108
2026-04-20T08:30:00.109000Z,172.16.139.112,10.4.248.8,14021,80,TCP,1500,SYN,dos_109
2026-04-20T08:30:00.110000Z,172.16.139.112,10.4.248.8,6004,80,TCP,1500,SYN,dos_110
2026-04-20T08:30:00.111000Z,172.16.139.112,10.4.248.8,39827,80,TCP,1500,SYN,dos_111
2026-04-20T08:30:00.112000Z,172.16.139.112,10.4.248.8,46284,80,TCP,1500,SYN,dos_112
2026-04-20T08:30:00.113000Z,172.16.139.112,10.4.248.8,55456,80,TCP,1500,SYN,dos_113
2026-04-20T08:30:00.114000Z,172.16.139.112,10.4.248.8,42130,80,TCP,1500,SYN,dos_114
2026-04-20T08:30:00.115000Z,172.16.139.112,10.4.248.8,16939,80,TCP,1500,SYN,dos_115
2026-04-20T08:30:00.116000Z,172.16.139.112,10.4.248.8,7702,80,TCP,1500,SYN,dos_116
2026-04-20T08:30:00.117000Z,172.16.139.112,10.4.248.8,46715,80,TCP,1500,SYN,dos_117
2026-04-20T08:30:00.118000Z,172.16.139.112,10.4.248.8,51649,80,TCP,1500,SYN,dos_118
2026-04-20T08:30:00.119000Z,172.16.139.112,10.4.248.8,20788,80,TCP,1500,SYN,dos_119
2026-04-20T08:30:25.641015Z,10.2.153.239,8.8.8.8,62534,53,UDP,81,,dns_q_24
2026-04-20T08:30:25.687231Z,8.8.8.8,10.2.153.239,53,62534,UDP,231,,dns_r_24
2026-04-20T08:32:52.573967Z,10.2.153.239,8.8.8.8,49165,53,UDP,78,,dns_q_27
2026-04-20T08:32:52.609790Z,8.8.8.8,10.2.153.239,53,49165,UDP,300,,dns_r_27
2026-04-20T08:33:15.884920Z,10.2.153.239,8.8.8.8,55438,53,UDP,93,,dns_q_25
2026-04-20T08:33:15.954763Z,8.8.8.8,10.2.153.239,53,55438,UDP,274,,dns_r_25
2026-04-20T08:33:39.264713Z,10.2.153.239,8.8.8.8,52817,53,UDP,49,,dns_q_6
2026-04-20T08:33:39.359768Z,8.8.8.8,10.2.153.239,53,52817,UDP,433,,dns_r_6
2026-04-20T08:39:48.199374Z,10.2.153.239,8.8.8.8,53552,53,UDP,73,,dns_q_0
2026-04-20T08:39:48.219762Z,8.8.8.8,10.2.153.239,53,53552,UDP,134,,dns_r_0
2026-04-20T08:40:00.000000Z,10.5.61.204,10.6.0.1,,,ICMP,64,,ping_0
2026-04-20T08:40:00.049208Z,10.6.0.1,10.5.61.204,,,ICMP,64,,pong_0
2026-04-20T08:40:00.960278Z,10.2.153.239,8.8.8.8,60741,53,UDP,111,,dns_q_10
2026-04-20T08:40:01.000000Z,10.5.61.204,10.6.0.2,,,ICMP,64,,ping_1
2026-04-20T08:40:01.039349Z,10.6.0.2,10.5.61.204,,,ICMP,64,,pong_1
2026-04-20T08:40:01.049850Z,8.8.8.8,10.2.153.239,53,60741,UDP,288,,dns_r_10
2026-04-20T08:40:02.000000Z,10.5.61.204,10.6.0.3,,,ICMP,64,,ping_2
2026-04-20T08:40:02.018013Z,10.6.0.3,10.5.61.204,,,ICMP,64,,pong_2
2026-04-20T08:40:03.000000Z,10.5.61.204,10.6.0.4,,,ICMP,64,,ping_3
2026-04-20T08:40:03.021991Z,10.6.0.4,10.5.61.204,,,ICMP,64,,pong_3
2026-04-20T08:40:04.000000Z,10.5.61.204,10.6.0.5,,,ICMP,64,,ping_4
2026-04-20T08:40:04.019158Z,10.6.0.5,10.5.61.204,,,ICMP,64,,pong_4
2026-04-20T08:40:05.000000Z,10.5.61.204,10.6.0.6,,,ICMP,64,,ping_5
2026-04-20T08:40:05.025792Z,10.6.0.6,10.5.61.204,,,ICMP,64,,pong_5
2026-04-20T08:40:06.000000Z,10.5.61.204,10.6.0.7,,,ICMP,64,,ping_6
2026-04-20T08:40:06.017720Z,10.6.0.7,10.5.61.204,,,ICMP,64,,pong_6
2026-04-20T08:40:07.000000Z,10.5.61.204,10.6.0.8,,,ICMP,64,,ping_7
2026-04-20T08:40:07.042629Z,10.6.0.8,10.5.61.204,,,ICMP,64,,pong_7
2026-04-20T08:40:08.000000Z,10.5.61.204,10.6.0.9,,,ICMP,64,,ping_8
2026-04-20T08:40:08.041294Z,10.6.0.9,10.5.61.204,,,ICMP,64,,pong_8
2026-04-20T08:40:09.000000Z,10.5.61.204,10.6.0.10,,,ICMP,64,,ping_9
2026-04-20T08:40:09.006171Z,10.6.0.10,10.5.61.204,,,ICMP,64,,pong_9
2026-04-20T08:40:10.000000Z,10.5.61.204,10.6.0.11,,,ICMP,64,,ping_10
2026-04-20T08:40:10.048079Z,10.6.0.11,10.5.61.204,,,ICMP,64,,pong_10
2026-04-20T08:40:11.000000Z,10.5.61.204,10.6.0.12,,,ICMP,64,,ping_11
2026-04-20T08:40:11.032144Z,10.6.0.12,10.5.61.204,,,ICMP,64,,pong_11
2026-04-20T08:40:12.000000Z,10.5.61.204,10.6.0.13,,,ICMP,64,,ping_12
2026-04-20T08:40:12.041607Z,10.6.0.13,10.5.61.204,,,ICMP,64,,pong_12
2026-04-20T08:40:13.000000Z,10.5.61.204,10.6.0.14,,,ICMP,64,,ping_13
2026-04-20T08:40:13.035658Z,10.6.0.14,10.5.61.204,,,ICMP,64,,pong_13
2026-04-20T08:40:14.000000Z,10.5.61.204,10.6.0.15,,,ICMP,64,,ping_14
2026-04-20T08:40:14.022339Z,10.6.0.15,10.5.61.204,,,ICMP,64,,pong_14
2026-04-20T08:40:15.000000Z,10.5.61.204,10.6.0.16,,,ICMP,64,,ping_15
2026-04-20T08:40:15.036956Z,10.6.0.16,10.5.61.204,,,ICMP,64,,pong_15
2026-04-20T08:40:16.000000Z,10.5.61.204,10.6.0.17,,,ICMP,64,,ping_16
2026-04-20T08:40:16.048308Z,10.6.0.17,10.5.61.204,,,ICMP,64,,pong_16
2026-04-20T08:40:17.000000Z,10.5.61.204,10.6.0.18,,,ICMP,64,,ping_17
2026-04-20T08:40:17.014234Z,10.6.0.18,10.5.61.204,,,ICMP,64,,pong_17
2026-04-20T08:40:18.000000Z,10.5.61.204,10.6.0.19,,,ICMP,64,,ping_18
2026-04-20T08:40:18.040602Z,10.6.0.19,10.5.61.204,,,ICMP,64,,pong_18
2026-04-20T08:40:19.000000Z,10.5.61.204,10.6.0.20,,,ICMP,64,,ping_19
2026-04-20T08:40:19.027370Z,10.6.0.20,10.5.61.204,,,ICMP,64,,pong_19
2026-04-20T08:40:38.344603Z,10.2.153.239,8.8.8.8,54854,53,UDP,118,,dns_q_26
2026-04-20T08:40:38.405822Z,8.8.8.8,10.2.153.239,53,54854,UDP,287,,dns_r_26
2026-04-20T08:42:04.601477Z,10.2.153.239,8.8.8.8,61687,53,UDP,44,,dns_q_14
2026-04-20T08:42:04.688751Z,8.8.8.8,10.2.153.239,53,61687,UDP,193,,dns_r_14
2026-04-20T08:43:03.403874Z,10.2.153.239,8.8.8.8,55823,53,UDP,73,,dns_q_2
2026-04-20T08:43:03.459361Z,8.8.8.8,10.2.153.239,53,55823,UDP,208,,dns_r_2
2026-04-20T08:44:32.700062Z,10.2.153.239,8.8.8.8,54245,53,UDP,74,,dns_q_1
2026-04-20T08:44:32.735420Z,8.8.8.8,10.2.153.239,53,54245,UDP,187,,dns_r_1
2026-04-20T08:46:56.591386Z,10.2.153.239,8.8.8.8,62643,53,UDP,71,,dns_q_13
2026-04-20T08:46:56.625399Z,8.8.8.8,10.2.153.239,53,62643,UDP,483,,dns_r_13
2026-04-20T08:47:08.731779Z,10.2.153.239,8.8.8.8,59711,53,UDP,99,,dns_q_28
2026-04-20T08:47:08.781540Z,8.8.8.8,10.2.153.239,53,59711,UDP,425,,dns_r_28
2026-04-20T08:48:38.778192Z,10.2.153.239,8.8.8.8,62662,53,UDP,43,,dns_q_12
2026-04-20T08:48:38.804334Z,8.8.8.8,10.2.153.239,53,62662,UDP,250,,dns_r_12
2026-04-20T08:50:00.000000Z,10.9.122.147,10.10.196.60,55555,8080,TCP,200,SYN,idle_1
2026-04-20T08:50:05.000000Z,10.9.122.147,10.10.196.60,55555,8080,TCP,300,ACK,idle_2
2026-04-20T08:52:05.000000Z,10.9.122.147,10.10.196.60,55555,8080,TCP,250,ACK,idle_3
2026-04-20T08:52:10.000000Z,10.9.122.147,10.10.196.60,55555,8080,TCP,180,"FIN,ACK",idle_4
2026-04-20T08:52:16.762929Z,10.2.153.239,8.8.8.8,56456,53,UDP,43,,dns_q_16
2026-04-20T08:52:16.832332Z,8.8.8.8,10.2.153.239,53,56456,UDP,284,,dns_r_16
2026-04-20T08:54:14.142858Z,10.2.153.239,8.8.8.8,50332,53,UDP,87,,dns_q_7
2026-04-20T08:54:14.205283Z,8.8.8.8,10.2.153.239,53,50332,UDP,155,,dns_r_7
2026-04-20T08:54:19.211368Z,10.2.153.239,8.8.8.8,50816,53,UDP,51,,dns_q_3
2026-04-20T08:54:19.278453Z,8.8.8.8,10.2.153.239,53,50816,UDP,504,,dns_r_3
2026-04-20T08:55:14.775082Z,10.2.153.239,8.8.8.8,59438,53,UDP,55,,dns_q_23
2026-04-20T08:55:14.849860Z,8.8.8.8,10.2.153.239,53,59438,UDP,233,,dns_r_23
2026-04-20T08:58:19.906554Z,10.2.153.239,8.8.8.8,50459,53,UDP,85,,dns_q_9
2026-04-20T08:58:19.935461Z,8.8.8.8,10.2.153.239,53,50459,UDP,207,,dns_r_9
2026-04-20T08:58:25.813281Z,10.2.153.239,8.8.8.8,54216,53,UDP,70,,dns_q_11
2026-04-20T08:58:25.901096Z,8.8.8.8,10.2.153.239,53,54216,UDP,489,,dns_r_11
2026-04-20T08:58:47.272634Z,10.2.153.239,8.8.8.8,54446,53,UDP,96,,dns_q_5
2026-04-20T08:58:47.332285Z,8.8.8.8,10.2.153.239,53,54446,UDP,298,,dns_r_5
